{
    "start": [
        280.7524348509214,
        643.6761334442856,
        27.90639503431013
    ],
    "goal": [
        348.75784264292224,
        614.4173104745431,
        77.83650767949699
    ],
    "max_iter": 500000,
    "step_size": 5,
    "test_num": 4,
    "visualize": false,
    "file": "dataset/city.stl",
    "original": {
        "n_nodes": 1916325,
        "dijkstra": [],
        "astar": null,
        "rrt": [
            [
                280.7524348509214,
                643.6761334442856,
                27.90639503431013
            ],
            [
                284.5602859501013,
                642.0378337145522,
                30.702149673406804
            ],
            [
                284.5602859501013,
                642.0378337145522,
                30.702149673406804
            ],
            [
                284.7416034767421,
                637.3831707196155,
                32.51908015036485
            ],
            [
                284.7416034767421,
                637.3831707196155,
                32.51908015036485
            ],
            [
                288.6581079277215,
                635.978122640535,
                35.29159395212142
            ],
            [
                288.6581079277215,
                635.978122640535,
                35.29159395212142
            ],
            [
                291.6848557426244,
                635.4368921034934,
                39.23441872260693
            ],
            [
                291.6848557426244,
                635.4368921034934,
                39.23441872260693
            ],
            [
                296.26919683886,
                637.0125439680096,
                38.0092093873455
            ],
            [
                296.26919683886,
                637.0125439680096,
                38.0092093873455
            ],
            [
                300.03695658777605,
                635.390604404321,
                40.86810751882726
            ],
            [
                300.03695658777605,
                635.390604404321,
                40.86810751882726
            ],
            [
                301.5518881005803,
                630.6864997897047,
                41.62730596867931
            ],
            [
                301.5518881005803,
                630.6864997897047,
                41.62730596867931
            ],
            [
                299.37594817375907,
                626.493233350069,
                43.26492680424817
            ],
            [
                299.37594817375907,
                626.493233350069,
                43.26492680424817
            ],
            [
                303.39214693468057,
                625.5111060540019,
                46.076611972806774
            ],
            [
                303.39214693468057,
                625.5111060540019,
                46.076611972806774
            ],
            [
                303.9586124321938,
                620.5876879886744,
                46.73923659816749
            ],
            [
                303.9586124321938,
                620.5876879886744,
                46.73923659816749
            ],
            [
                308.0399917057012,
                620.0255432648157,
                49.572315583162755
            ],
            [
                308.0399917057012,
                620.0255432648157,
                49.572315583162755
            ],
            [
                307.18636026768144,
                615.2130214637285,
                50.626330422757
            ],
            [
                307.18636026768144,
                615.2130214637285,
                50.626330422757
            ],
            [
                311.36934286520585,
                615.1329558747659,
                53.36425775748891
            ],
            [
                311.36934286520585,
                615.1329558747659,
                53.36425775748891
            ],
            [
                315.55232546273027,
                615.0528902858033,
                56.102185092220815
            ],
            [
                315.55232546273027,
                615.0528902858033,
                56.102185092220815
            ],
            [
                319.7353080602547,
                614.9728246968407,
                58.84011242695272
            ],
            [
                319.7353080602547,
                614.9728246968407,
                58.84011242695272
            ],
            [
                324.67657070855427,
                614.3677001687116,
                59.30674691557946
            ],
            [
                324.67657070855427,
                614.3677001687116,
                59.30674691557946
            ],
            [
                328.6392316088879,
                614.3758637250099,
                62.35588645737083
            ],
            [
                328.6392316088879,
                614.3758637250099,
                62.35588645737083
            ],
            [
                331.6336223076668,
                611.3394691494702,
                59.74553546091479
            ],
            [
                331.6336223076668,
                611.3394691494702,
                59.74553546091479
            ],
            [
                335.0448613611491,
                611.9525921018125,
                63.34935681682415
            ],
            [
                335.0448613611491,
                611.9525921018125,
                63.34935681682415
            ],
            [
                338.4561004146314,
                612.5657150541547,
                66.95317817273352
            ],
            [
                338.4561004146314,
                612.5657150541547,
                66.95317817273352
            ],
            [
                343.31824071136174,
                612.1776560597026,
                65.85363192462219
            ],
            [
                343.31824071136174,
                612.1776560597026,
                65.85363192462219
            ],
            [
                345.3557041047038,
                613.0165435263568,
                70.341951291499
            ],
            [
                345.3557041047038,
                613.0165435263568,
                70.341951291499
            ],
            [
                347.39316749804584,
                613.8554309930112,
                74.83027065837581
            ],
            [
                347.39316749804584,
                613.8554309930112,
                74.83027065837581
            ],
            [
                348.75784264292224,
                614.4173104745431,
                77.83650767949699
            ]
        ],
        "rrtdist": 118.34895622992732,
        "rrttime": 4.0382208824157715,
        "astartime": 0.0076351165771484375,
        "astardist": null
    },
    "simplified": {
        "n_nodes": 1065301,
        "dijkstra": [],
        "astar": null,