{
    "start": [
        345.61178723,
        567.61959214,
        76.7230741
    ],
    "goal": [
        270.5884959,
        525.02272572,
        74.67635382
    ],
    "max_iter": 5000,
    "step_size": 8,
    "seed": 420,
    "test_num": "1",
    "file": "dataset/city.stl",
    "original": {
        "n_nodes": 1916325,
        "dijkstra": [
            [
                215.98166767402117,
                677.8503713621495,
                21.88141720906173
            ],
            [
                218.7,
                672.5,
                27.1
            ],
            [
                218.7,
                672.5,
                27.1
            ],
            [
                221.5,
                667.2,
                32.4
            ],
            [
                221.5,
                667.2,
                32.4
            ],
            [
                224.3,
                661.8,
                37.7
            ],
            [
                224.3,
                661.8,
                37.7
            ],
            [
                227.1,
                656.4,
                43.0
            ],
            [
                227.1,
                656.4,
                43.0
            ],
            [
                229.9,
                651.0,
                48.3
            ],
            [
                229.9,
                651.0,
                48.3
            ],
            [
                232.13073222561027,
                646.6160981324899,
                52.64272589830212
            ]
        ],
        "astar": [],
        "rrt": [],
        "rrtdist": 0,
        "rrttime": 0,
        "dijtime": 246.65003657341003,
        "dijdist": 46.719268840515824
    },
    "simplified": {
        "n_nodes": 1065301,
        "dijkstra": null,
        "astar": [],
        "rrt": [],
        "rrtdist": 0,
        "rrttime": 0,
        "dijtime": 0,
        "dijdist": null
    }
}