{
    "start": [
        367.4405617627907,
        733.0952964631913,
        56.13640082201714
    ],
    "goal": [
        273.40274028550107,
        680.7031683854859,
        37.636869715976516
    ],
    "max_iter": 100000,
    "step_size": 5,
    "test_num": 4,
    "visualize": false,
    "file": "dataset/city.stl",
    "original": {
        "n_nodes": 1916325,
        "dijkstra": [],
        "astar": null,
        "rrt": [
            [
                367.4405617627907,
                733.0952964631913,
                56.13640082201714
            ],
            [
                364.9094490429113,
                728.8966972206814,
                55.15393820183216
            ],
            [
                364.9094490429113,
                728.8966972206814,
                55.15393820183216
            ],
            [
                362.926884278434,
                724.3065612465414,
                55.14452047606082
            ],
            [
                362.926884278434,
                724.3065612465414,
                55.14452047606082
            ],
            [
                358.4996256624182,
                722.1502323712061,
                54.27871049210948
            ],
            [
                358.4996256624182,
                722.1502323712061,
                54.27871049210948
            ],
            [
                354.07236704640246,
                719.9939034958709,
                53.412900508158145
            ],
            [
                354.07236704640246,
                719.9939034958709,
                53.412900508158145
            ],
            [
                349.6451084303867,
                717.8375746205356,
                52.54709052420681
            ],
            [
                349.6451084303867,
                717.8375746205356,
                52.54709052420681
            ],
            [
                347.8922887315699,
                713.1563306589271,
                52.43056552541225
            ],
            [
                347.8922887315699,
                713.1563306589271,
                52.43056552541225
            ],
            [
                348.2576950414369,
                708.5436210792378,
                50.53599735241034
            ],
            [
                348.2576950414369,
                708.5436210792378,
                50.53599735241034
            ],
            [
                343.63128339289847,
                706.8229414654045,
                49.73876656725047
            ],
            [
                343.63128339289847,
                706.8229414654045,
                49.73876656725047
            ],
            [
                339.00487174436006,
                705.1022618515711,
                48.941535782090604
            ],
            [
                339.00487174436006,
                705.1022618515711,
                48.941535782090604
            ],
            [
                334.2418330358052,
                704.4252677498426,
                47.57950008247304
            ],
            [
                334.2418330358052,
                704.4252677498426,
                47.57950008247304
            ],
            [
                334.2878279887894,
                699.4410261491711,
                47.18552022202996
            ],
            [
                334.2878279887894,
                699.4410261491711,
                47.18552022202996
            ],
            [
                329.5618175505878,
                697.9865597975372,
                46.44433672924655
            ],
            [
                329.5618175505878,
                697.9865597975372,
                46.44433672924655
            ],
            [
                324.83580711238625,
                696.5320934459033,
                45.703153236463145
            ],
            [
                324.83580711238625,
                696.5320934459033,
                45.703153236463145
            ],
            [
                320.1097966741847,
                695.0776270942695,
                44.96196974367974
            ],
            [
                320.1097966741847,
                695.0776270942695,
                44.96196974367974
            ],
            [
                320.80834110812884,
                690.3369963975325,
                46.38971491385561
            ],
            [
                320.80834110812884,
                690.3369963975325,
                46.38971491385561
            ],
            [
                318.06877112004537,
                686.2032317085069,
                47.027481153286
            ],
            [
                318.06877112004537,
                686.2032317085069,
                47.027481153286
            ],
            [
                313.21088408059154,
                685.605043648501,
                46.006156250636
            ],
            [
                313.21088408059154,
                685.605043648501,
                46.006156250636
            ],
            [
                311.8292984737199,
                680.9725976375245,
                47.28352274709391
            ],
            [
                311.8292984737199,
                680.9725976375245,
                47.28352274709391
            ],
            [
                307.52155419415584,
                678.4369024499094,
                47.400095202626005
            ],
            [
                307.52155419415584,
                678.4369024499094,
                47.400095202626005
            ],
            [
                302.7242646963072,
                678.7555516796623,
                46.02733297186304
            ],
            [
                302.7242646963072,
                678.7555516796623,
                46.02733297186304
            ],
            [
                297.9269751984586,
                679.0742009094151,
                44.65457074110007
            ],
            [
                297.9269751984586,
                679.0742009094151,
                44.65457074110007
            ],
            [
                293.12968570060997,
                679.392850139168,
                43.2818085103371
            ],
            [
                293.12968570060997,
                679.392850139168,
                43.2818085103371
            ],
            [
                288.33239620276134,
                679.7114993689208,
                41.90904627957413
            ],
            [
                288.33239620276134,
                679.7114993689208,
                41.90904627957413
            ],
            [
                283.5351067049127,
                680.0301485986737,
                40.536284048811154
            ],
            [
                283.5351067049127,
                680.0301485986737,
                40.536284048811154
            ],
            [
                278.7378172070641,
                680.3487978284265,
                39.16352181804818
            ],
            [
                278.7378172070641,
                680.3487978284265,
                39.16352181804818
            ],
            [
                273.9405277092155,
                680.6674470581793,
                37.79075958728521
            ],
            [
                273.9405277092155,
                680.6674470581793,
                37.79075958728521
            ],
            [
                273.40274028550107,
                680.7031683854859,
                37.636869715976516
            ]
        ],
        "rrtdist": 130.5605117472645,
        "rrttime": 4.417320489883423,
        "astartime": 0.9473111629486084,
        "astardist": null
    },
    "simplified": {
        "n_nodes": 1065301,
        "dijkstra": [],
        "astar": null,