{
    "start": [
        290.72412392236356,
        647.8802400439254,
        19.882995628073044
    ],
    "goal": [
        284.6107280740017,
        710.1996552211988,
        72.55081890254323
    ],
    "max_iter": 100000,
    "step_size": 5,
    "test_num": 6,
    "visualize": false,
    "file": "dataset/city.stl",
    "original": {
        "n_nodes": 1916325,
        "dijkstra": [],
        "astar": null,
        "rrt": [
            [
                290.72412392236356,
                647.8802400439254,
                19.882995628073044
            ],
            [
                293.98527746216786,
                650.3392785798237,
                22.767091165462297
            ],
            [
                293.98527746216786,
                650.3392785798237,
                22.767091165462297
            ],
            [
                293.3875569531404,
                654.1559713418058,
                25.941297610185376
            ],
            [
                293.3875569531404,
                654.1559713418058,
                25.941297610185376
            ],
            [
                294.79952847465535,
                657.4162464833255,
                29.459385503348265
            ],
            [
                294.79952847465535,
                657.4162464833255,
                29.459385503348265
            ],
            [
                294.0601038754187,
                661.2468594424176,
                32.58662959674409
            ],
            [
                294.0601038754187,
                661.2468594424176,
                32.58662959674409
            ],
            [
                298.31294153798876,
                663.6884583551259,
                33.56231733638589
            ],
            [
                298.31294153798876,
                663.6884583551259,
                33.56231733638589
            ],
            [
                297.21180545362387,
                667.4261871046334,
                36.695507901738594
            ],
            [
                297.21180545362387,
                667.4261871046334,
                36.695507901738594
            ],
            [
                293.73606358248736,
                670.7052146718984,
                38.16764806434022
            ],
            [
                293.73606358248736,
                670.7052146718984,
                38.16764806434022
            ],
            [
                292.87766752957305,
                674.4203517041811,
                41.40198154246249
            ],
            [
                292.87766752957305,
                674.4203517041811,
                41.40198154246249
            ],
            [
                288.36097729757205,
                675.8792923550538,
                39.83003958253583
            ],
            [
                288.36097729757205,
                675.8792923550538,
                39.83003958253583
            ],
            [
                283.88265320288025,
                677.0360143769703,
                41.72914660082532
            ],
            [
                283.88265320288025,
                677.0360143769703,
                41.72914660082532
            ],
            [
                283.9630490993966,
                680.6980287427592,
                45.13255478741989
            ],
            [
                283.9630490993966,
                680.6980287427592,
                45.13255478741989
            ],
            [
                284.0434449959129,
                684.3600431085481,
                48.53596297401446
            ],
            [
                284.0434449959129,
                684.3600431085481,
                48.53596297401446
            ],
            [
                285.66919429504867,
                687.0038613564313,
                52.45606045858286
            ],
            [
                285.66919429504867,
                687.0038613564313,
                52.45606045858286
            ],
            [
                285.4968490400512,
                690.7807272865863,
                55.72799885328323
            ],
            [
                285.4968490400512,
                690.7807272865863,
                55.72799885328323
            ],
            [
                285.3245037850537,
                694.5575932167412,
                58.9999372479836
            ],
            [
                285.3245037850537,
                694.5575932167412,
                58.9999372479836
            ],
            [
                285.1521585300562,
                698.3344591468962,
                62.271875642683966
            ],
            [
                285.1521585300562,
                698.3344591468962,
                62.271875642683966
            ],
            [
                284.97981327505875,
                702.1113250770511,
                65.54381403738432
            ],
            [
                284.97981327505875,
                702.1113250770511,
                65.54381403738432
            ],
            [
                280.28225341642747,
                703.5376961024042,
                66.49165214202509
            ],
            [
                280.28225341642747,
                703.5376961024042,
                66.49165214202509
            ],
            [
                282.448322997037,
                706.8714956821785,
                69.52380037947229
            ],
            [
                282.448322997037,
                706.8714956821785,
                69.52380037947229
            ],
            [
                284.6107280740017,
                710.1996552211988,
                72.55081890254323
            ]
        ],
        "rrtdist": 99.9915411220451,
        "rrttime": 5.939651250839233,
        "astartime": 0.11803770065307617,
        "astardist": null
    },
    "simplified": {
        "n_nodes": 1916325,
        "dijkstra": [],
        "astar": null,