{
    "start": [
        418.7263149901123,
        487.7131511008466,
        63.156443225624656
    ],
    "goal": [
        375.8016778843582,
        561.8280640185513,
        4.937858369477267
    ],
    "max_iter": 100000,
    "step_size": 5,
    "test_num": 9,
    "visualize": false,
    "file": "dataset/city.stl",
    "original": {
        "n_nodes": 1916325,
        "dijkstra": [],
        "astar": null,
        "rrt": [
            [
                418.7263149901123,
                487.7131511008466,
                63.156443225624656
            ],
            [
                418.38813655204274,
                492.69773797080694,
                62.95762401165453
            ],
            [
                418.38813655204274,
                492.69773797080694,
                62.95762401165453
            ],
            [
                414.7772323707511,
                496.13812527253117,
                63.31132757067693
            ],
            [
                414.7772323707511,
                496.13812527253117,
                63.31132757067693
            ],
            [
                410.7456846594581,
                498.8030221578219,
                62.028772448143734
            ],
            [
                410.7456846594581,
                498.8030221578219,
                62.028772448143734
            ],
            [
                408.84527495845055,
                502.2306027935916,
                58.92391593718982
            ],
            [
                408.84527495845055,
                502.2306027935916,
                58.92391593718982
            ],
            [
                406.944865257443,
                505.65818342936126,
                55.8190594262359
            ],
            [
                406.944865257443,
                505.65818342936126,
                55.8190594262359
            ],
            [
                403.1718866721346,
                508.8912719832214,
                55.26069485205248
            ],
            [
                403.1718866721346,
                508.8912719832214,
                55.26069485205248
            ],
            [
                401.4173601759682,
                512.2847062448377,
                52.034824320500064
            ],
            [
                401.4173601759682,
                512.2847062448377,
                52.034824320500064
            ],
            [
                396.81972271445886,
                514.204532900673,
                51.615306282663454
            ],
            [
                396.81972271445886,
                514.204532900673,
                51.615306282663454
            ],
            [
                391.99038447236336,
                513.3082448789328,
                52.55027148282795
            ],
            [
                391.99038447236336,
                513.3082448789328,
                52.55027148282795
            ],
            [
                390.8320595747457,
                516.7799066964968,
                49.14353585234134
            ],
            [
                390.8320595747457,
                516.7799066964968,
                49.14353585234134
            ],
            [
                387.9287240022258,
                520.8503279301768,
                49.09543664499564
            ],
            [
                387.9287240022258,
                520.8503279301768,
                49.09543664499564
            ],
            [
                386.94198689607686,
                524.1845490035843,
                45.502482468138574
            ],
            [
                386.94198689607686,
                524.1845490035843,
                45.502482468138574
            ],
            [
                385.9552497899279,
                527.5187700769917,
                41.90952829128151
            ],
            [
                385.9552497899279,
                527.5187700769917,
                41.90952829128151
            ],
            [
                384.96851268377895,
                530.8529911503991,
                38.31657411442445
            ],
            [
                384.96851268377895,
                530.8529911503991,
                38.31657411442445
            ],
            [
                385.70707579741486,
                535.7837214727937,
                37.939184375566086
            ],
            [
                385.70707579741486,
                535.7837214727937,
                37.939184375566086
            ],
            [
                384.5603940926311,
                538.7987009185942,
                34.11884145780146
            ],
            [
                384.5603940926311,
                538.7987009185942,
                34.11884145780146
            ],
            [
                382.5519627024514,
                543.0121157772394,
                32.32626270642423
            ],
            [
                382.5519627024514,
                543.0121157772394,
                32.32626270642423
            ],
            [
                383.95577165185216,
                547.7921160145901,
                32.75160746601266
            ],
            [
                383.95577165185216,
                547.7921160145901,
                32.75160746601266
            ],
            [
                382.68976779635125,
                549.9713360230063,
                28.43324731512491
            ],
            [
                382.68976779635125,
                549.9713360230063,
                28.43324731512491
            ],
            [
                381.4237639408504,
                552.1505560314225,
                24.11488716423716
            ],
            [
                381.4237639408504,
                552.1505560314225,
                24.11488716423716
            ],
            [
                380.1577600853495,
                554.3297760398387,
                19.79652701334941
            ],
            [
                380.1577600853495,
                554.3297760398387,
                19.79652701334941
            ],
            [
                378.8917562298486,
                556.508996048255,
                15.478166862461665
            ],
            [
                378.8917562298486,
                556.508996048255,
                15.478166862461665
            ],
            [
                377.6257523743477,
                558.6882160566712,
                11.159806711573921
            ],
            [
                377.6257523743477,
                558.6882160566712,
                11.159806711573921
            ],
            [
                376.35974851884686,
                560.8674360650874,
                6.841446560686179
            ],
            [
                376.35974851884686,
                560.8674360650874,
                6.841446560686179
            ],
            [
                375.8016778843582,
                561.8280640185513,
                4.937858369477267
            ]
        ],
        "rrtdist": 122.2040637240707,
        "rrttime": 3.2805631160736084,
        "astartime": 0.24216628074645996,
        "astardist": null
    },
    "simplified": {
        "n_nodes": 1065301,
        "dijkstra": [],
        "astar": null,