{
    "start": [
        266.5881791859722,
        623.2851665370893,
        41.01035221941313
    ],
    "goal": [
        310.7218994091419,
        693.9616020835037,
        62.9674699095074
    ],
    "max_iter": 100000,
    "step_size": 5,
    "test_num": 5,
    "visualize": false,
    "file": "dataset/city.stl",
    "original": {
        "n_nodes": 1916325,
        "dijkstra": [],
        "astar": null,
        "rrt": [
            [
                266.5881791859722,
                623.2851665370893,
                41.01035221941313
            ],
            [
                269.14906723089194,
                627.3862130369793,
                42.284428365931554
            ],
            [
                269.14906723089194,
                627.3862130369793,
                42.284428365931554
            ],
            [
                272.8187645226593,
                630.7242391366852,
                41.65920557006048
            ],
            [
                272.8187645226593,
                630.7242391366852,
                41.65920557006048
            ],
            [
                277.08325766899185,
                633.2136325984164,
                40.87370038384433
            ],
            [
                277.08325766899185,
                633.2136325984164,
                40.87370038384433
            ],
            [
                279.39139072572493,
                637.3818864054833,
                42.38967597477189
            ],
            [
                279.39139072572493,
                637.3818864054833,
                42.38967597477189
            ],
            [
                281.4733242066855,
                641.9238886662408,
                42.578801446691074
            ],
            [
                281.4733242066855,
                641.9238886662408,
                42.578801446691074
            ],
            [
                285.3505017833649,
                644.0993041506275,
                44.866827126001766
            ],
            [
                285.3505017833649,
                644.0993041506275,
                44.866827126001766
            ],
            [
                287.50788680537346,
                648.3392035960575,
                46.40596407879572
            ],
            [
                287.50788680537346,
                648.3392035960575,
                46.40596407879572
            ],
            [
                288.0217103459359,
                653.2966911033449,
                46.80509185815078
            ],
            [
                288.0217103459359,
                653.2966911033449,
                46.80509185815078
            ],
            [
                292.89291606556276,
                653.5709718044129,
                47.89876682544977
            ],
            [
                292.89291606556276,
                653.5709718044129,
                47.89876682544977
            ],
            [
                294.80379452306204,
                657.8999671149015,
                49.513803395448505
            ],
            [
                294.80379452306204,
                657.8999671149015,
                49.513803395448505
            ],
            [
                299.3266781679204,
                659.1922952380661,
                47.818689370625904
            ],
            [
                299.3266781679204,
                659.1922952380661,
                47.818689370625904
            ],
            [
                303.2922230244653,
                661.9781905293097,
                46.588550591074146
            ],
            [
                303.2922230244653,
                661.9781905293097,
                46.588550591074146
            ],
            [
                304.304621792333,
                666.3363839112525,
                48.820410618139015
            ],
            [
                304.304621792333,
                666.3363839112525,
                48.820410618139015
            ],
            [
                305.31702056020083,
                670.6945772931953,
                51.05227064520389
            ],
            [
                305.31702056020083,
                670.6945772931953,
                51.05227064520389
            ],
            [
                306.3294193280686,
                675.052770675138,
                53.284130672268766
            ],
            [
                306.3294193280686,
                675.052770675138,
                53.284130672268766
            ],
            [
                307.3418180959364,
                679.4109640570808,
                55.51599069933364
            ],
            [
                307.3418180959364,
                679.4109640570808,
                55.51599069933364
            ],
            [
                308.3542168638042,
                683.7691574390236,
                57.74785072639852
            ],
            [
                308.3542168638042,
                683.7691574390236,
                57.74785072639852
            ],
            [
                309.36661563167195,
                688.1273508209664,
                59.979710753463394
            ],
            [
                309.36661563167195,
                688.1273508209664,
                59.979710753463394
            ],
            [
                310.37901439953976,
                692.4855442029092,
                62.21157078052827
            ],
            [
                310.37901439953976,
                692.4855442029092,
                62.21157078052827
            ],
            [
                310.7218994091419,
                693.9616020835037,
                62.9674699095074
            ]
        ],
        "rrtdist": 96.69342861965495,
        "rrttime": 5.003108739852905,
        "astartime": 0.13604211807250977,
        "astardist": null
    },
    "simplified": {
        "n_nodes": 1065301,
        "dijkstra": [],
        "astar": null,