{
    "start": [
        388.58399675474436,
        481.73505930952126,
        63.89880973647627
    ],
    "goal": [
        382.6227059402436,
        490.4823262980716,
        62.30902623464274
    ],
    "max_iter": 100000,
    "step_size": 5,
    "test_num": 7,
    "visualize": false,
    "file": "dataset/city.stl",
    "original": {
        "n_nodes": 1916325,
        "dijkstra": [],
        "astar": [
            [
                388.58399675474436,
                481.73505930952126,
                63.89880973647627
            ],
            [
                388.6,
                486.7,
                63.9
            ],
            [
                388.6,
                486.7,
                63.9
            ],
            [
                384.5,
                489.3,
                62.8
            ],
            [
                384.5,
                489.3,
                62.8
            ],
            [
                382.6227059402436,
                490.4823262980716,
                62.30902623464274
            ]
        ],
        "rrt": [
            [
                388.58399675474436,
                481.73505930952126,
                63.89880973647627
            ],
            [
                385.4610945975098,
                485.6273513458974,
                64.2111313974323
            ],
            [
                385.4610945975098,
                485.6273513458974,
                64.2111313974323
            ],
            [
                386.3350318290565,
                490.39533779644506,
                62.985350453417134
            ],
            [
                386.3350318290565,
                490.39533779644506,
                62.985350453417134
            ],
            [
                382.6227059402436,
                490.4823262980716,
                62.30902623464274
            ]
        ],
        "rrtdist": 13.77443306379469,
        "rrttime": 0.3578970432281494,
        "astartime": 0.13297533988952637,
        "astardist": 12.215182013362611
    },
    "simplified": {
        "n_nodes": 1065301,
        "dijkstra": [],
        "astar": [
            [
                388.58399675474436,
                481.73505930952126,
                63.89880973647627
            ],
            [
                388.6,
                486.7,
                63.9
            ],
            [
                388.6,
                486.7,
                63.9
            ],
            [
                384.5,
                489.3,
                62.8
            ],
            [
                384.5,
                489.3,
                62.8
            ],
            [
                382.6227059402436,
                490.4823262980716,
                62.30902623464274
            ]
        ],
        "rrt": [
            [
                388.58399675474436,
                481.73505930952126,
                63.89880973647627
            ],
            [
                385.79942990399616,
                485.82097802224575,
                63.15620908557298
            ],
            [
                385.79942990399616,
                485.82097802224575,
                63.15620908557298
            ],
            [
                385.0331894882713,
                490.711861224922,
                62.45468422992729
            ],
            [
                385.0331894882713,
                490.711861224922,
                62.45468422992729
            ],
            [
                382.6227059402436,
                490.4823262980716,
                62.30902623464274
            ]
        ],
        "rrtdist": 12.425764512385072,
        "rrttime": 0.11008048057556152,
        "astartime": 0.1217646598815918,
        "astardist": 12.215182013362611
    }
}